cigime03_number	cigime03_forgery_marker	record_id	edcs_id	inscription_index	province	place	latitude	longitude	material	material_en	not_before	not_after	inscription_text	language	category	category_en	belege	image_urls	publication	raw_dating	dating_from	dating_to	status	comment	photo	language_codes	photo_credits	retrieved_at	source_url
84		EDCS-71200705-0	EDCS-71200705	0	Macedonia	Sarande / Saranda / Buthrotum	39.87449	19.99876	lapis	stone	305	361	Imp(eratori) Caesari / Maximino P(io) F(elici)	Latin	tituli honorarii | tituli sacri | viri | Augusti/Augustae	honorary inscriptions | dedicatory inscriptions | men | emperor/emperess	CIGIME-03, 00084,1		CIGIME-03, 00084,1	305 .. 361	305	361	honorary inscriptions | dedicatory inscriptions | men | emperor/emperess			la		2026-08-19T19:43:27Z	https://edcs.hist.uzh.ch/data/monument/712/71200705.json
84		EDCS-71200705-1	EDCS-71200705	1	Macedonia	Sarande / Saranda / Buthrotum	39.87449	19.99876	lapis	stone			Consta[ntio] / nepoti divi [Constantii] / f(ilio) divi Max[imiani]	Latin	tituli honorarii | tituli sacri | viri | Augusti/Augustae	honorary inscriptions | dedicatory inscriptions | men | emperor/emperess	CIGIME-03, 00084,1		CIGIME-03, 00084,1	-			honorary inscriptions | dedicatory inscriptions | men | emperor/emperess			la		2026-08-19T19:43:27Z	https://edcs.hist.uzh.ch/data/monument/712/71200705.json
84		EDCS-71200707-0	EDCS-71200707	0	Macedonia	Sarande / Saranda / Buthrotum	39.87449	19.99876	lapis	stone	305	305	"""GR"""	Greek			CIGIME-03, 00084,3		CIGIME-03, 00084,3	305	305	305				gr		2026-08-19T19:43:27Z	https://edcs.hist.uzh.ch/data/monument/712/71200707.json
84		EDCS-71200708-0	EDCS-71200708	0	Macedonia	Sarande / Saranda / Buthrotum	39.87449	19.99876	lapis	stone	305	305	[Nobili]ssimo Caesari / [G(alerio) Val(erio)] Maximino / [Invic]to	Latin	tituli honorarii | tituli sacri | viri | Augusti/Augustae	honorary inscriptions | dedicatory inscriptions | men | emperor/emperess	CIGIME-03, 00084,4		CIGIME-03, 00084,4	305	305	305	honorary inscriptions | dedicatory inscriptions | men | emperor/emperess			la		2026-08-19T19:43:27Z	https://edcs.hist.uzh.ch/data/monument/712/71200708.json
84		EDCS-71200708-1	EDCS-71200708	1	Macedonia	Sarande / Saranda / Buthrotum	39.87449	19.99876	lapis	stone			Constantiu[s] / divi CLA / Maximiano	Latin	tituli honorarii | tituli sacri | viri | Augusti/Augustae	honorary inscriptions | dedicatory inscriptions | men | emperor/emperess	CIGIME-03, 00084,4		CIGIME-03, 00084,4	-			honorary inscriptions | dedicatory inscriptions | men | emperor/emperess			la		2026-08-19T19:43:27Z	https://edcs.hist.uzh.ch/data/monument/712/71200708.json
84		EDCS-75300292-0	EDCS-75300292	0	Macedonia	Sarande / Saranda / Buthrotum	39.87449	19.99876	lapis	stone			Nobiliss[imus 3] / [F]elix [3] / Invictus	Latin	tituli sacri | miliaria | viri | Augusti/Augustae	dedicatory inscriptions | milestones | men | emperor/emperess	AE-2016, 01439 | CIGIME-03, 00084,2		AE-2016, 01439 | CIGIME-03, 00084,2	-			dedicatory inscriptions | milestones | men | emperor/emperess			la		2026-08-19T19:46:26Z	https://edcs.hist.uzh.ch/data/monument/753/75300292.json
84		EDCS-75300292-1	EDCS-75300292	1	Macedonia	Sarande / Saranda / Buthrotum	39.87449	19.99876	lapis	stone			Divi Aug[usti] / Di/[ocleti]ani SES	Latin	tituli sacri | miliaria | viri | Augusti/Augustae	dedicatory inscriptions | milestones | men | emperor/emperess	AE-2016, 01439 | CIGIME-03, 00084,2		AE-2016, 01439 | CIGIME-03, 00084,2	-			dedicatory inscriptions | milestones | men | emperor/emperess			la		2026-08-19T19:46:26Z	https://edcs.hist.uzh.ch/data/monument/753/75300292.json
187		EDCS-71200709-0	EDCS-71200709	0	Macedonia	Palase / Palaeste / Grammata	40.16679	19.62398	lapis	stone	1	300	AN[3] / IT[3]NE[1]A / OMIV[1]IO / [3]CI[3]AFELI / [3]ET ubi[1]V	Latin			CIGIME-03, 00187	https://edcs.hist.uzh.ch/bilder/CI/CIGIME-03_00187.jpg	CIGIME-03, 00187	1 .. 300	1	300			https://edcs.hist.uzh.ch/bilder/CI/CIGIME-03_00187.jpg	la		2026-08-19T19:43:27Z	https://edcs.hist.uzh.ch/data/monument/712/71200709.json
188		EDCS-71200710-0	EDCS-71200710	0	Macedonia	Palase / Palaeste / Grammata	40.16679	19.62398	lapis	stone	1	300	A[1]SC / SB[1]VMRO[3] / ETRA[1]O[3] / pater mag(ister) verna M[3]/tus hic fuerunt	Latin	viri | officium/professio	men | occupation	CIGIME-03, 00188 | AE-2016, 01450	https://edcs.hist.uzh.ch/bilder/CI/CIGIME-03_00188.jpg	CIGIME-03, 00188 | AE-2016, 01450	1 .. 300	1	300	men | occupation		https://edcs.hist.uzh.ch/bilder/CI/CIGIME-03_00188.jpg	la		2026-08-19T19:43:27Z	https://edcs.hist.uzh.ch/data/monument/712/71200710.json
189		EDCS-71200711-0	EDCS-71200711	0	Macedonia	Palase / Palaeste / Grammata	40.16679	19.62398	lapis	stone	1	300	Ma[3]/us C(aius?) I[3] / Br<i=U>nd<i=U>/sinum	Latin	viri	men	CIGIME-03, 00189 | AE-2016, 01451	https://edcs.hist.uzh.ch/bilder/CI/CIGIME-03_00189.jpg	CIGIME-03, 00189 | AE-2016, 01451	1 .. 300	1	300	men		https://edcs.hist.uzh.ch/bilder/CI/CIGIME-03_00189.jpg	la		2026-08-19T19:43:27Z	https://edcs.hist.uzh.ch/data/monument/712/71200711.json
199		EDCS-71200712-0	EDCS-71200712	0	Macedonia	Palase / Palaeste / Grammata	40.16679	19.62398	lapis	stone	1	300	VICIBA / [3]TR / [3]TOB	Latin			CIGIME-03, 00199 | AE-2016, 01452	https://edcs.hist.uzh.ch/bilder/CI/CIGIME-03_00199.jpg	CIGIME-03, 00199 | AE-2016, 01452	1 .. 300	1	300			https://edcs.hist.uzh.ch/bilder/CI/CIGIME-03_00199.jpg	la		2026-08-19T19:43:27Z	https://edcs.hist.uzh.ch/data/monument/712/71200712.json
200		EDCS-71200713-0	EDCS-71200713	0	Macedonia	Palase / Palaeste / Grammata	40.16679	19.62398	lapis	stone	1	300	EXVPERIVC et M[3] / [3]EXA[	Latin			CIGIME-03, 00200 | AE-2016, 01453	https://edcs.hist.uzh.ch/bilder/CI/CIGIME-03_00200.jpg	CIGIME-03, 00200 | AE-2016, 01453	1 .. 300	1	300			https://edcs.hist.uzh.ch/bilder/CI/CIGIME-03_00200.jpg	la		2026-08-19T19:43:27Z	https://edcs.hist.uzh.ch/data/monument/712/71200713.json
203		EDCS-71200714-0	EDCS-71200714	0	Macedonia	Palase / Palaeste / Grammata	40.16679	19.62398	lapis	stone	1	300	]ANTE / [3] vixi(t?) / AS[3]IE	Latin	tituli sepulcrales	tomb inscriptions	CIGIME-03, 00203	https://edcs.hist.uzh.ch/bilder/CI/CIGIME-03_00203.jpg	CIGIME-03, 00203	1 .. 300	1	300	tomb inscriptions		https://edcs.hist.uzh.ch/bilder/CI/CIGIME-03_00203.jpg	la		2026-08-19T19:43:27Z	https://edcs.hist.uzh.ch/data/monument/712/71200714.json
208		EDCS-71200715-0	EDCS-71200715	0	Macedonia	Palase / Palaeste / Grammata	40.16679	19.62398	lapis	stone	1	300	C(aius) Iuliu[s] / Am[	Latin	viri	men	CIGIME-03, 00208 | AE-2016, 01456	https://edcs.hist.uzh.ch/bilder/CI/CIGIME-03_00208.jpg	CIGIME-03, 00208 | AE-2016, 01456	1 .. 300	1	300	men		https://edcs.hist.uzh.ch/bilder/CI/CIGIME-03_00208.jpg	la		2026-08-19T19:43:27Z	https://edcs.hist.uzh.ch/data/monument/712/71200715.json
211		EDCS-71200716-0	EDCS-71200716	0	Macedonia	Palase / Palaeste / Grammata	40.16679	19.62398	lapis	stone	1	300	"""GR"""	Greek, Latin			CIGIME-03, 00211	https://edcs.hist.uzh.ch/bilder/CI/CIGIME-03_00211.jpg	CIGIME-03, 00211	1 .. 300	1	300			https://edcs.hist.uzh.ch/bilder/CI/CIGIME-03_00211.jpg	gr | la		2026-08-19T19:43:27Z	https://edcs.hist.uzh.ch/data/monument/712/71200716.json
211		EDCS-71200716-1	EDCS-71200716	1	Macedonia	Palase / Palaeste / Grammata	40.16679	19.62398	lapis	stone			IOBIOIN / NOCAEVE	Greek, Latin			CIGIME-03, 00211	https://edcs.hist.uzh.ch/bilder/CI/CIGIME-03_00211.jpg	CIGIME-03, 00211	-					https://edcs.hist.uzh.ch/bilder/CI/CIGIME-03_00211.jpg	gr | la		2026-08-19T19:43:27Z	https://edcs.hist.uzh.ch/data/monument/712/71200716.json
212		EDCS-71200717-0	EDCS-71200717	0	Macedonia	Palase / Palaeste / Grammata	40.16679	19.62398	lapis	stone	1	300	]B[3] / [3]CIPA[1]S[3] / [3]AIIC IV[3] / [3]ITETI ISC[3] / [3]atus est [3] / [3] gratiam [3] / [3]CACO[	Latin			CIGIME-03, 00212 | AE-2016, 01457	https://edcs.hist.uzh.ch/bilder/CI/CIGIME-03_00212.jpg	CIGIME-03, 00212 | AE-2016, 01457	1 .. 300	1	300			https://edcs.hist.uzh.ch/bilder/CI/CIGIME-03_00212.jpg	la		2026-08-19T19:43:27Z	https://edcs.hist.uzh.ch/data/monument/712/71200717.json
213		EDCS-71200718-0	EDCS-71200718	0	Macedonia	Palase / Palaeste / Grammata	40.16679	19.62398	lapis	stone	1	300	]VMCOAI / [3]us MNE / ex Bithynia E[3]SAVEIVS / NERERO et PARRTIVS / et A[1]IVMESIVS ZETI / [3]us hic fuerunt	Latin			CIGIME-03, 00213 | AE-2016, 01458	https://edcs.hist.uzh.ch/bilder/CI/CIGIME-03_00213.jpg	CIGIME-03, 00213 | AE-2016, 01458	1 .. 300	1	300			https://edcs.hist.uzh.ch/bilder/CI/CIGIME-03_00213.jpg	la		2026-08-19T19:43:27Z	https://edcs.hist.uzh.ch/data/monument/712/71200718.json
222		EDCS-71200719-0	EDCS-71200719	0	Macedonia	Palase / Palaeste / Grammata	40.16679	19.62398	lapis	stone	1	300	BELLN / AMATSV / amantes / C(aius?) Alexa[	Latin	viri	men	CIGIME-03, 00222 | AE-2016, 01459	https://edcs.hist.uzh.ch/bilder/CI/CIGIME-03_00222.jpg	CIGIME-03, 00222 | AE-2016, 01459	1 .. 300	1	300	men		https://edcs.hist.uzh.ch/bilder/CI/CIGIME-03_00222.jpg	la		2026-08-19T19:43:27Z	https://edcs.hist.uzh.ch/data/monument/712/71200719.json
248		EDCS-71300040-0	EDCS-71300040	0	Macedonia	Palase / Palaeste / Grammata	40.16679	19.62398	lapis	stone			C(aius) Marius Rufus / IS MIROSIVS	Latin	tria nomina | viri	tria nomina | men	CIGIME-03, 00248	https://edcs.hist.uzh.ch/bilder/CI/CIGIME-03_00248.jpg	CIGIME-03, 00248	-			tria nomina | men		https://edcs.hist.uzh.ch/bilder/CI/CIGIME-03_00248.jpg	la		2026-08-19T19:43:28Z	https://edcs.hist.uzh.ch/data/monument/713/71300040.json
254		EDCS-71300041-0	EDCS-71300041	0	Macedonia	Palase / Palaeste / Grammata	40.16679	19.62398	lapis	stone			CIVS[3] / NOSTA MM[3] / AC[3] / CLV[3]A[3] / HOC[3]N[3] / [6] / Ca[3]N[	Latin			CIGIME-03, 00254 | AE-2016, 01460	https://edcs.hist.uzh.ch/bilder/CI/CIGIME-03_00254.jpg	CIGIME-03, 00254 | AE-2016, 01460	-					https://edcs.hist.uzh.ch/bilder/CI/CIGIME-03_00254.jpg	la		2026-08-19T19:43:28Z	https://edcs.hist.uzh.ch/data/monument/713/71300041.json
257		EDCS-71300042-0	EDCS-71300042	0	Macedonia	Palase / Palaeste / Grammata	40.16679	19.62398	lapis	stone			]EROD / [3]IT / [3]VM OEC	Latin			CIGIME-03, 00257 | AE-2016, 01461	https://edcs.hist.uzh.ch/bilder/CI/CIGIME-03_00257.jpg	CIGIME-03, 00257 | AE-2016, 01461	-					https://edcs.hist.uzh.ch/bilder/CI/CIGIME-03_00257.jpg	la		2026-08-19T19:43:28Z	https://edcs.hist.uzh.ch/data/monument/713/71300042.json
259		EDCS-71300043-0	EDCS-71300043	0	Macedonia	Palase / Palaeste / Grammata	40.16679	19.62398	lapis	stone			]EL / [3]OC / [3]CH / [3]MA[3] / VI A IMI[	Latin			CIGIME-03, 00259 | AE-2016, 01462	https://edcs.hist.uzh.ch/bilder/CI/CIGIME-03_00259.jpg	CIGIME-03, 00259 | AE-2016, 01462	-					https://edcs.hist.uzh.ch/bilder/CI/CIGIME-03_00259.jpg	la		2026-08-19T19:43:28Z	https://edcs.hist.uzh.ch/data/monument/713/71300043.json
260		EDCS-71300044-0	EDCS-71300044	0	Macedonia	Palase / Palaeste / Grammata	40.16679	19.62398	lapis	stone			]OB / [3]NT[3]NO / PATRAS SEMV / CIOARCE CVIB / NEOENARI	Latin			CIGIME-03, 00260 | AE-2016, 01463	https://edcs.hist.uzh.ch/bilder/CI/CIGIME-03_00260.jpg	CIGIME-03, 00260 | AE-2016, 01463	-					https://edcs.hist.uzh.ch/bilder/CI/CIGIME-03_00260.jpg	la		2026-08-19T19:43:28Z	https://edcs.hist.uzh.ch/data/monument/713/71300044.json
260		EDCS-71300044-1	EDCS-71300044	1	Macedonia	Palase / Palaeste / Grammata	40.16679	19.62398	lapis	stone			PCO[3] / BSIC[	Latin			CIGIME-03, 00260 | AE-2016, 01463	https://edcs.hist.uzh.ch/bilder/CI/CIGIME-03_00260.jpg	CIGIME-03, 00260 | AE-2016, 01463	-					https://edcs.hist.uzh.ch/bilder/CI/CIGIME-03_00260.jpg	la		2026-08-19T19:43:28Z	https://edcs.hist.uzh.ch/data/monument/713/71300044.json
264		EDCS-71300045-0	EDCS-71300045	0	Macedonia	Palase / Palaeste / Grammata	40.16679	19.62398	lapis	stone	1	300	]ONI[3]atano / [3]ute bene merent[i]	Latin	tituli sepulcrales | viri	tomb inscriptions | men	CIGIME-03, 00264 | AE-2016, 01464	https://edcs.hist.uzh.ch/bilder/CI/CIGIME-03_00264.jpg	CIGIME-03, 00264 | AE-2016, 01464	1 .. 300	1	300	tomb inscriptions | men		https://edcs.hist.uzh.ch/bilder/CI/CIGIME-03_00264.jpg	la		2026-08-19T19:43:28Z	https://edcs.hist.uzh.ch/data/monument/713/71300045.json
274		EDCS-71300046-0	EDCS-71300046	0	Macedonia	Palase / Palaeste / Grammata	40.16679	19.62398	lapis	stone	301	500	In Chr(ist)i nomine / [3] Ioh(anni)s p(res)b(yter) VI / CINOLO et Micha/helis TICOIBIEI /CI multum ora	Latin	inscriptiones christianae | viri | nomen singulare | sacerdotes pagani	christian inscriptions | men | single name | pagan priests	CIGIME-03, 00274	https://edcs.hist.uzh.ch/bilder/CI/CIGIME-03_00274.jpg	CIGIME-03, 00274	301 .. 500	301	500	christian inscriptions | men | single name | pagan priests		https://edcs.hist.uzh.ch/bilder/CI/CIGIME-03_00274.jpg	la		2026-08-19T19:43:28Z	https://edcs.hist.uzh.ch/data/monument/713/71300046.json
276		EDCS-71300047-0	EDCS-71300047	0	Macedonia	Palase / Palaeste / Grammata	40.16679	19.62398	lapis	stone	301	500	E[3] / LEBA	Latin	inscriptiones christianae	christian inscriptions	CIGIME-03, 00276	https://edcs.hist.uzh.ch/bilder/CI/CIGIME-03_00276.jpg	CIGIME-03, 00276	301 .. 500	301	500	christian inscriptions		https://edcs.hist.uzh.ch/bilder/CI/CIGIME-03_00276.jpg	la		2026-08-19T19:43:28Z	https://edcs.hist.uzh.ch/data/monument/713/71300047.json
276		EDCS-71300047-1	EDCS-71300047	1	Macedonia	Palase / Palaeste / Grammata	40.16679	19.62398	lapis	stone			[3]me / fecit	Latin	inscriptiones christianae	christian inscriptions	CIGIME-03, 00276	https://edcs.hist.uzh.ch/bilder/CI/CIGIME-03_00276.jpg	CIGIME-03, 00276	-			christian inscriptions		https://edcs.hist.uzh.ch/bilder/CI/CIGIME-03_00276.jpg	la		2026-08-19T19:43:28Z	https://edcs.hist.uzh.ch/data/monument/713/71300047.json
287		EDCS-71300048-0	EDCS-71300048	0	Macedonia	Palase / Palaeste / Grammata	40.16679	19.62398	lapis	stone			D(omi)ne MAT / I[3]E / [3]AM / [3]MT / vo / Eh RAB / LIOMAI / LBO	Latin			CIGIME-03, 00287	https://edcs.hist.uzh.ch/bilder/CI/CIGIME-03_00287.jpg	CIGIME-03, 00287	-					https://edcs.hist.uzh.ch/bilder/CI/CIGIME-03_00287.jpg	la		2026-08-19T19:43:28Z	https://edcs.hist.uzh.ch/data/monument/713/71300048.json
289		EDCS-71300049-0	EDCS-71300049	0	Macedonia	Palase / Palaeste / Grammata	40.16679	19.62398	lapis	stone			EL / Y SL / EONI / ESAN / USMA / IVS	Latin			CIGIME-03, 00289	https://edcs.hist.uzh.ch/bilder/CI/CIGIME-03_00289.jpg	CIGIME-03, 00289	-					https://edcs.hist.uzh.ch/bilder/CI/CIGIME-03_00289.jpg	la		2026-08-19T19:43:28Z	https://edcs.hist.uzh.ch/data/monument/713/71300049.json
324		EDCS-71300050-0	EDCS-71300050	0	Macedonia	Gradisht / Gradista / Hekal / Byllis	40.54317	19.73844	lapis	stone			D(is) M(anibus) s(acrum)	Greek, Latin	tituli sepulcrales | viri | mulieres | nomen singulare	tomb inscriptions | men | women | single name	CIGIME-03, 00324	https://edcs.hist.uzh.ch/bilder/CI/CIGIME-03_00324.jpg	CIGIME-03, 00324	-			tomb inscriptions | men | women | single name		https://edcs.hist.uzh.ch/bilder/CI/CIGIME-03_00324.jpg	gr | la		2026-08-19T19:43:28Z	https://edcs.hist.uzh.ch/data/monument/713/71300050.json
324		EDCS-71300050-1	EDCS-71300050	1	Macedonia	Gradisht / Gradista / Hekal / Byllis	40.54317	19.73844	lapis	stone			"""GR"""	Greek, Latin	tituli sepulcrales | viri | mulieres | nomen singulare	tomb inscriptions | men | women | single name	CIGIME-03, 00324	https://edcs.hist.uzh.ch/bilder/CI/CIGIME-03_00324.jpg	CIGIME-03, 00324	-			tomb inscriptions | men | women | single name		https://edcs.hist.uzh.ch/bilder/CI/CIGIME-03_00324.jpg	gr | la		2026-08-19T19:43:28Z	https://edcs.hist.uzh.ch/data/monument/713/71300050.json
330		EDCS-71300051-0	EDCS-71300051	0	Macedonia	Gradisht / Gradista / Hekal / Byllis	40.54317	19.73844	lapis	stone			D(is) M(anibus) s(acrum)	Greek, Latin	tituli sepulcrales | tria nomina | mulieres | nomen singulare	tomb inscriptions | tria nomina | women | single name	CIGIME-03, 00330		CIGIME-03, 00330	-			tomb inscriptions | tria nomina | women | single name			gr | la		2026-08-19T19:43:28Z	https://edcs.hist.uzh.ch/data/monument/713/71300051.json
330		EDCS-71300051-1	EDCS-71300051	1	Macedonia	Gradisht / Gradista / Hekal / Byllis	40.54317	19.73844	lapis	stone			"""GR"""	Greek, Latin	tituli sepulcrales | tria nomina | mulieres | nomen singulare	tomb inscriptions | tria nomina | women | single name	CIGIME-03, 00330		CIGIME-03, 00330	-			tomb inscriptions | tria nomina | women | single name			gr | la		2026-08-19T19:43:28Z	https://edcs.hist.uzh.ch/data/monument/713/71300051.json
428		EDCS-71300052-0	EDCS-71300052	0	Macedonia	Corrush	40.44391	19.80056	lapis	stone	1	300	D(is) M(anibus) s(acrum)	Latin	tituli sepulcrales	tomb inscriptions	CIGIME-03, 00428	https://edcs.hist.uzh.ch/bilder/CI/CIGIME-03_00428.jpg	CIGIME-03, 00428	1 .. 300	1	300	tomb inscriptions		https://edcs.hist.uzh.ch/bilder/CI/CIGIME-03_00428.jpg	la		2026-08-19T19:43:28Z	https://edcs.hist.uzh.ch/data/monument/713/71300052.json
